PRAGMA foreign_keys=OFF;
BEGIN TRANSACTION;
CREATE TABLE Donor (
	donorID INTEGER PRIMARY KEY AUTOINCREMENT,
	firstName VARCHAR (255)	NOT NULL,
	lastName VARCHAR (255)	NOT NULL,
	dayDOB INTEGER NOT NULL,
	monthDOB INTEGER NOT NULL,
	yearDOB INTEGER NOT NULL,
	phoneNo INTEGER	NOT NULL,
	bloodType VARCHAR(3)
);
INSERT INTO Donor VALUES(1,'Rania','Alvi',1,4,1999,2891231234,'O-');
INSERT INTO Donor VALUES(2,'Bushra','Haque',2,6,1999,2896848890,'A+');
INSERT INTO Donor VALUES(3,'Maisha','Ahmed',4,10,1999,9058699350,'AB-');
INSERT INTO Donor VALUES(5,'Khizar','Siddiqui',27,11,2001,6478785087,'O-');
INSERT INTO Donor VALUES(6,'Rafid','Ibrahim',15,7,1996,6474797766,'A+');
INSERT INTO Donor VALUES(7,'Shahrose','Javed',22,2,1997,90546224635,'B-');
INSERT INTO Donor VALUES(8,'Maha','Zarir',11,6,1996,6478897424,'AB+');
INSERT INTO Donor VALUES(9,'Selina','Karim',18,5,1998,6477618276,'AB-');
INSERT INTO Donor VALUES(10,'Deeksha','Polmaredy',7,9,1999,2894567979,'O+');
INSERT INTO Donor VALUES(11,'Misha','Samat',13,2,1995,6472210907,'B+');
INSERT INTO Donor VALUES(12,'Rahmin','Chowdhury',30,12,1995,9055120624,'A-');
INSERT INTO Donor VALUES(13,'Nadeem','Imani',13,5,1992,6477849765,'B-');
INSERT INTO Donor VALUES(14,'Amna','Rahim',28,5,1990,6475626548,'B-');
INSERT INTO Donor VALUES(15,'Alina','Alvi',2,10,2002,2898900785,'AB-');
INSERT INTO Donor VALUES(16,'Anil','Anjum',12,2,1988,6475129747,'AB+');
INSERT INTO Donor VALUES(17,'Maleeha','Alvi',1,2,1993,6479953221,'O-');
INSERT INTO Donor VALUES(18,'Mahnoor','Rahim',13,2,1997,4374318869,'AB-');
INSERT INTO Donor VALUES(19,'Maria','Isabel',24,7,1989,6478040759,'B-');
INSERT INTO Donor VALUES(20,'Vanessa','Danylow',1,9,2000,2892378825,'AB+');
CREATE TABLE BloodBank (
	locationID		INTEGER		PRIMARY KEY AUTOINCREMENT,
	Name			VARCHAR (255)	NOT NULL
);
INSERT INTO BloodBank VALUES(187,'Mount Sinai Blood Bank');
INSERT INTO BloodBank VALUES(234,'Canadian Blood Services');
INSERT INTO BloodBank VALUES(319,'Sunnybrook Lifebank');
INSERT INTO BloodBank VALUES(456,'Toronto General Bloodbank');
CREATE TABLE Hospital (
	hospitalID	INTEGER	NOT NULL,
	hospitalName VARCHAR (255)NOT NULL,
	clinicalDept VARCHAR (255)	NOT NULL,
	phoneNumber INTEGER,
    locationID INTEGER NOT NULL,
	PRIMARY KEY (hospitalID),
	FOREIGN KEY (locationID) REFERENCES BloodBank(locationID)
);
INSERT INTO Hospital VALUES(1001,'Toronto General','Cardiology',6471234567,319);
INSERT INTO Hospital VALUES(1002,'Toronto General','Emergency',6471234567,456);
INSERT INTO Hospital VALUES(1003,'Toronto General','Pediatrics',6471234567,234);
INSERT INTO Hospital VALUES(1004,'Womens College','Emergency',9054567890,456);
INSERT INTO Hospital VALUES(1005,'Womens College','Gynecology',9054567890,319);
INSERT INTO Hospital VALUES(1006,'Sunnybrook Medical','Pediatrics',2899119119,187);
INSERT INTO Hospital VALUES(1007,'St Michaels','Gynecology',4371234567,234);
INSERT INTO Hospital VALUES(1008,'St Michaels','Gen. Surgery',4371234567,187);
INSERT INTO Hospital VALUES(1009,'St Michaels','Neurology',4371234567,319);
INSERT INTO Hospital VALUES(1010,'St Michaels','Emergency',4371234567,456);
INSERT INTO Hospital VALUES(1011,'Mt Sinai','Neurology',4164567890,234);
INSERT INTO Hospital VALUES(1012,'Mt Sinai','Orthopedics',4164567890,187);
INSERT INTO Hospital VALUES(1013,'Mt Sinai','Cardiology',4164567890,319);
INSERT INTO Hospital VALUES(1014,'Mt Sinai','Emergency',4164567890,456);
CREATE TABLE DonationSample(
	donationid integer primary key,
	date DATE NOT NULL,
	sampletype VARCHAR(255) NOT NULL,
	donorID INTEGER NOT NULL,
	locationID INTEGER NOT NULL,
	FOREIGN KEY (donorID) REFERENCES Donor(donorID),
	FOREIGN KEY (locationID) REFERENCES BloodBank(locationID)
);
INSERT INTO DonationSample VALUES(1026,'2023-01-04','PLASMA',17,319);
INSERT INTO DonationSample VALUES(1200,'2023-02-17','PLATELETS',3,456);
INSERT INTO DonationSample VALUES(1395,'2023-02-14','PLASMA',7,187);
INSERT INTO DonationSample VALUES(1486,'2022-09-17','PLATELETS',6,456);
INSERT INTO DonationSample VALUES(1532,'2022-09-10','PLASMA',9,187);
INSERT INTO DonationSample VALUES(2193,'2022-11-22','PLASMA',10,187);
INSERT INTO DonationSample VALUES(2280,'2023-02-19','PLASMA',3,456);
INSERT INTO DonationSample VALUES(2368,'2022-09-04','BLOOD',12,234);
INSERT INTO DonationSample VALUES(2413,'2022-10-18','PLATELETS',13,234);
INSERT INTO DonationSample VALUES(3279,'2023-03-12','BLOOD',5,456);
INSERT INTO DonationSample VALUES(3573,'2022-10-13','BLOOD',15,234);
INSERT INTO DonationSample VALUES(3749,'2022-12-18','PLATELETS',16,319);
INSERT INTO DonationSample VALUES(3912,'2023-01-13','PLATELETS',4,456);
INSERT INTO DonationSample VALUES(4147,'2023-01-05','BLOOD',19,319);
INSERT INTO DonationSample VALUES(4263,'2022-09-09','BLOOD',20,319);
INSERT INTO DonationSample VALUES(4328,'2022-11-10','PLASMA',10,187);
INSERT INTO DonationSample VALUES(4735,'2022-11-01','BLOOD',4,456);
INSERT INTO DonationSample VALUES(4985,'2023-01-29','PLATELETS',11,234);
INSERT INTO DonationSample VALUES(5287,'2022-09-12','PLASMA',6,187);
INSERT INTO DonationSample VALUES(5524,'2022-10-03','PLASMA',1,456);
INSERT INTO DonationSample VALUES(5786,'2022-12-15','BLOOD',8,187);
INSERT INTO DonationSample VALUES(5808,'2022-11-20','PLATELETS',9,187);
INSERT INTO DonationSample VALUES(6020,'2022-11-04','BLOOD',1,456);
INSERT INTO DonationSample VALUES(6179,'2023-03-20','BLOOD',17,319);
INSERT INTO DonationSample VALUES(6224,'2023-02-06','PLASMA',7,187);
INSERT INTO DonationSample VALUES(6721,'2023-02-27','PLASMA',18,319);
INSERT INTO DonationSample VALUES(7082,'2022-09-02','PLASMA',11,234);
INSERT INTO DonationSample VALUES(7336,'2022-11-29','PLATELETS',12,234);
INSERT INTO DonationSample VALUES(7490,'2022-09-17','PLAELETS',15,234);
INSERT INTO DonationSample VALUES(7623,'2023-02-01','BLOOD',5,456);
INSERT INTO DonationSample VALUES(7673,'2022-10-28','PLATELETS',19,319);
INSERT INTO DonationSample VALUES(8427,'2022-10-07','BLOOD',16,319);
INSERT INTO DonationSample VALUES(8532,'2023-01-09','PLATELETS',5,456);
INSERT INTO DonationSample VALUES(8571,'2023-03-29','PLASMA',8,187);
INSERT INTO DonationSample VALUES(8620,'2023-01-02','PLATELETS',7,187);
INSERT INTO DonationSample VALUES(9571,'2023-01-30','PLATELETS',14,234);
INSERT INTO DonationSample VALUES(9689,'2023-01-27','BLOOD',2,456);
INSERT INTO DonationSample VALUES(9772,'2022-10-10','PLATELETS',2,456);
INSERT INTO DonationSample VALUES(9896,'2022-12-01','PLASMA',13,234);
INSERT INTO DonationSample VALUES(9925,'2022-09-04','BLOOD',18,319);
CREATE TABLE Recipient (
	recipientID	INTEGER PRIMARY KEY AUTOINCREMENT,
	fullname VARCHAR (255)	NOT NULL,
	bloodType VARCHAR (3) NOT NULL,
    hospitalID INTEGER NOT NULL,
	FOREIGN KEY (hospitalID) REFERENCES Hospital(hospitalID)
);
INSERT INTO Recipient VALUES(5000,'John Doe','AB+',1013);
INSERT INTO Recipient VALUES(5025,'Jane Doe','AB-',1003);
INSERT INTO Recipient VALUES(5050,'James Smith','B+',1011);
INSERT INTO Recipient VALUES(5075,'Maria Garcia','B-',1009);
INSERT INTO Recipient VALUES(5100,'Mary Smith','A+',1006);
INSERT INTO Recipient VALUES(5125,'Maria Rodriguez','A-',1005);
INSERT INTO Recipient VALUES(5150,'Michael Smith','O+',1014);
INSERT INTO Recipient VALUES(5175,'Michelle Hernandez','O-',1002);
INSERT INTO Recipient VALUES(5200,'Sarah Jones','AB-',1007);
INSERT INTO Recipient VALUES(5225,'Alex Jameson','A-',1010);
INSERT INTO Recipient VALUES(5250,'Robert Smith','O+',1008);
CREATE TABLE CanDonateTo (
	pairID INTEGER PRIMARY KEY,
	donor_id INTEGER NOT NULL,
	recipient_id INTEGER NOT NULL,
	FOREIGN KEY (donor_id) REFERENCES Donor(donorID),
	FOREIGN KEY (recipient_id) REFERENCES Recipient(recipientID)
);
INSERT INTO CanDonateTo VALUES(1,1,5000);
INSERT INTO CanDonateTo VALUES(2,1,5025);
INSERT INTO CanDonateTo VALUES(3,1,5050);
INSERT INTO CanDonateTo VALUES(4,1,5075);
INSERT INTO CanDonateTo VALUES(5,1,5100);
INSERT INTO CanDonateTo VALUES(6,1,5125);
INSERT INTO CanDonateTo VALUES(7,1,5150);
INSERT INTO CanDonateTo VALUES(8,1,5175);
INSERT INTO CanDonateTo VALUES(9,1,5200);
INSERT INTO CanDonateTo VALUES(10,1,5225);
INSERT INTO CanDonateTo VALUES(11,2,5000);
INSERT INTO CanDonateTo VALUES(12,2,5100);
INSERT INTO CanDonateTo VALUES(13,3,5000);
INSERT INTO CanDonateTo VALUES(14,3,5025);
INSERT INTO CanDonateTo VALUES(15,3,5200);
INSERT INTO CanDonateTo VALUES(16,4,5000);
INSERT INTO CanDonateTo VALUES(17,4,5050);
INSERT INTO CanDonateTo VALUES(18,4,5100);
INSERT INTO CanDonateTo VALUES(19,4,5125);
INSERT INTO CanDonateTo VALUES(20,4,5250);
INSERT INTO CanDonateTo VALUES(21,1,5000);
INSERT INTO CanDonateTo VALUES(22,5,5025);
INSERT INTO CanDonateTo VALUES(23,5,5050);
INSERT INTO CanDonateTo VALUES(24,5,5075);
INSERT INTO CanDonateTo VALUES(25,5,5100);
INSERT INTO CanDonateTo VALUES(26,5,5125);
INSERT INTO CanDonateTo VALUES(27,5,5150);
INSERT INTO CanDonateTo VALUES(28,5,5175);
INSERT INTO CanDonateTo VALUES(29,5,5200);
INSERT INTO CanDonateTo VALUES(30,5,5225);
INSERT INTO CanDonateTo VALUES(31,5,5250);
INSERT INTO CanDonateTo VALUES(32,6,5000);
INSERT INTO CanDonateTo VALUES(33,6,5100);
INSERT INTO CanDonateTo VALUES(34,7,5000);
INSERT INTO CanDonateTo VALUES(35,7,5025);
INSERT INTO CanDonateTo VALUES(36,7,5050);
INSERT INTO CanDonateTo VALUES(37,7,5075);
INSERT INTO CanDonateTo VALUES(38,7,5200);
INSERT INTO CanDonateTo VALUES(39,8,5000);
INSERT INTO CanDonateTo VALUES(40,9,5000);
INSERT INTO CanDonateTo VALUES(41,9,5025);
INSERT INTO CanDonateTo VALUES(42,9,5200);
INSERT INTO CanDonateTo VALUES(43,10,5000);
INSERT INTO CanDonateTo VALUES(44,10,5050);
INSERT INTO CanDonateTo VALUES(45,10,5100);
INSERT INTO CanDonateTo VALUES(46,10,5150);
DELETE FROM sqlite_sequence;
INSERT INTO sqlite_sequence VALUES('Donor',20);
INSERT INTO sqlite_sequence VALUES('BloodBank',456);
INSERT INTO sqlite_sequence VALUES('Recipient',5250);
COMMIT;
